{"pokemon.json": {"Mogwee": {"Moves": {"Level": {"2": ["Baby-Doll Eyes", "Quick Attack"], "6": ["Bite", "Swift"], "10": ["Refresh", "Take Down"], "14": ["Charm", "Baton Pass"], "18": ["Double-Edge", "Last Resort", "Trump Card"]}, "Starting Moves": ["Defense Curl", "Tackle", "Leer", "Rollout"], "TM": [1, 6, 8, 10, 11, 17, 20, 23, 27, 31, 44, 45, 47, 48, 49, 52, 59, 68, 90, 100]}, "index": 1001, "Abilities": ["Cute Charm", "Prankster"], "Type": ["Normal"], "SR": 0.5, "AC": 13, "Hit Dice": 6, "HP": 16, "WSp": 30, "attributes": {"STR": 11, "DEX": 13, "CON": 11, "INT": 6, "WIS": 10, "CHA": 10}, "MIN LVL FD": 1, "Skill": ["Sleight of Hand"], "Res": [], "Vul": [], "saving_throws": ["DEX", "WIS"], "Hidden Ability": "Adaptability", "sprite": "Mogwee-sprite.png", "icon": "Mogwee-icon.png"}, "Gremayhem": {"Moves": {"Level": {"10": ["Foul Play", "Crunch", "Knock Off", "Nasty Plot"], "14": ["Agility", "Dark Void", "Throat Chop", "Crush Claw"], "18": ["Punishment", "Night Daze", "Beat Up", "Hyperspace Fury"]}, "Starting Moves": ["Hone Claws", "Night Slash", "Pursuit", "Scary Face", "Feint Attack", "Bite", "Double Team", "Dark Pulse"], "TM": [1, 2, 6, 9, 10, 12, 17, 18, 21, 23, 30, 36, 41, 42, 46, 47, 48, 49, 54, 65, 66, 84, 87, 89, 90, 95, 97, 100]}, "index": 1002, "Abilities": ["Prankster", "Defiant"], "Type": ["Dark", "Normal"], "SR": 8.0, "AC": 16, "Hit Dice": 10, "HP": 45, "WSp": 35, "attributes": {"STR": 15, "DEX": 18, "CON": 14, "INT": 10, "WIS": 16, "CHA": 14}, "MIN LVL FD": 5, "Skill": ["Deception", "Intimidation"], "Res": ["Dark", "Ghost", "Psychic"], "Vul": ["Bug", "Fairy", "Fighting"], "saving_throws": ["DEX", "WIS"], "Hidden Ability": "Adaptability", "sprite": "Gremayhem-sprite.png", "icon": "Gremayhem-icon.png", "Imm": ["Ghost", "Psychic"], "Senses": ["Darkvision 30ft."]}, "Gremlectric": {"Moves": {"Level": {"10": ["Foul Play", "Thunder Wave", "Crunch", "Thunder Punch"], "14": ["Agility", "Eerie Impulse", "Embargo", "Thunderbolt"], "18": ["Discharge", "Nasty Plot", "Punishment", "Wild Charge"]}, "Starting Moves": ["Hone Claws", "Night Slash", "Pursuit", "Feint Attack", "Bite", "Double Team", "Thunder Shock", "Charge"], "TM": [1, 2, 6, 10, 18, 21, 23, 24, 25, 30, 32, 36, 42, 46, 47, 48, 49, 53, 54, 57, 65, 66, 72, 84, 87, 90, 95, 97, 100]}, "index": 1003, "Abilities": ["Prankster", "Static"], "Type": ["Dark", "Electric"], "SR": 8.0, "AC": 16, "Hit Dice": 10, "HP": 45, "WSp": 35, "attributes": {"STR": 15, "DEX": 18, "CON": 14, "INT": 9, "WIS": 16, "CHA": 13}, "MIN LVL FD": 5, "Skill": ["Deception"], "Res": ["Dark", "Electric", "Flying", "Ghost", "Psychic", "Steel"], "Vul": ["Bug", "Fairy", "Fighting", "Ground"], "saving_throws": ["DEX", "WIS"], "Hidden Ability": "Adaptability", "Imm": ["Psychic"], "sprite": "Gremlectric-sprite.png", "icon": "Gremlectric-icon.png", "Senses": ["Darkvision 30ft."]}, "Gremental": {"Moves": {"Level": {"10": ["Foul Play", "Crunch", "Calm Mind", "Extrasensory"], "14": ["Agility", "Embargo", "Psychic", "Future Sight"], "18": ["Nasty Plot", "Punishment", "Luster Purge", "Hyperspace Hole"]}, "Starting Moves": ["Double Team", "Hone Claws", "Night Slash", "Pursuit", "Feint Attack", "Bite", "Confusion", "Barrier"], "TM": [1, 2, 3, 6, 9, 10, 16, 17, 18, 21, 23, 29, 30, 32, 33, 36, 41, 42, 46, 48, 49, 54, 65, 66, 75, 84, 87, 90, 97, 100]}, "index": 1005, "Abilities": ["Prankster", "Analytic"], "Type": ["Dark", "Psychic"], "SR": 8.0, "AC": 16, "Hit Dice": 6, "HP": 45, "WSp": 30, "attributes": {"STR": 13, "DEX": 16, "CON": 14, "INT": 10, "WIS": 17, "CHA": 14}, "MIN LVL FD": 5, "Skill": ["Perception"], "Res": ["Psychic"], "Vul": ["Bug", "Fairy"], "saving_throws": ["WIS", "DEX"], "Hidden Ability": "Adaptability", "Imm": ["Psychic"], "sprite": "Gremental-sprite.png", "icon": "Gremental-icon.png"}, "Gremleaf": {"Moves": {"Level": {"2": [], "10": ["Foul Play", "Trop Kick", "Taunt", "Ingrain"], "14": ["Embargo", "Needle Arm", "Night Daze", "Razor Leaf"], "18": ["Nasty Plot", "Punishment", "Frenzy Plant", "Seed Flare"]}, "Starting Moves": ["Absorb", "Bullet Seed", "Double Team", "Hone Claws", "Night Slash", "Pursuit", "Feint Attack", "Bite"], "TM": [1, 2, 6, 9, 10, 17, 18, 21, 22, 23, 26, 30, 36, 41, 42, 46, 47, 48, 49, 53, 54, 65, 66, 84, 86, 87, 90, 95, 97, 100]}, "index": 1004, "Abilities": ["Chlorophyll", "Prankster"], "Type": ["Dark", "Grass"], "SR": 8.0, "AC": 16, "Hit Dice": 10, "HP": 55, "WSp": 25, "attributes": {"STR": 15, "DEX": 16, "CON": 17, "INT": 9, "WIS": 15, "CHA": 14}, "MIN LVL FD": 5, "Skill": ["Deception", "Nature"], "Res": ["Dark", "Electric", "Ghost", "Grass", "Ground", "Psychic", "Water"], "Vul": ["Bug", "Fairy", "Fighting", "Fire", "Flying", "Ice", "Poison"], "saving_throws": ["CON", "DEX"], "Hidden Ability": "Adaptability", "sprite": "Gremleaf-sprite.png", "Imm": ["Psychic"], "Senses": ["Darkvision 15ft."], "icon": "Gremleaf-icon.png"}, "Grempire": {"Moves": {"Level": {"10": ["Air Slash", "Crunch", "Foul Play", "Wing Attack"], "14": ["Aeroblast", "Agility", "Embargo", "Feather Dance"], "18": ["Hurricane", "Nasty Plot", "Punishment", "Sky Attack"]}, "Starting Moves": ["Air Cutter", "Bite", "Double Team", "Feint Attack", "Hone Claws", "Gust", "Night Slash", "Pursuit"], "TM": [2, 6, 10, 12, 18, 19, 21, 28, 30, 32, 36, 37, 40, 41, 42, 46, 48, 49, 51, 54, 58, 62, 65, 66, 75, 76, 84, 87, 90, 95, 100]}, "index": 1006, "Abilities": ["Gale Wings", "Prankster"], "Type": ["Dark", "Flying"], "SR": 8.0, "AC": 16, "Hit Dice": 10, "HP": 45, "WSp": 0, "attributes": {"STR": 16, "DEX": 17, "CON": 14, "INT": 10, "WIS": 14, "CHA": 14}, "MIN LVL FD": 5, "Skill": ["Acrobatics"], "Res": ["Dark", "Ghost", "Grass", "Ground", "Psychic"], "Vul": ["Electric", "Fairy", "Ice", "Rock"], "saving_throws": ["STR", "DEX"], "Hidden Ability": "Adaptability", "Imm": ["Ground", "Psychic"], "sprite": "Grempire-sprite.png", "icon": "Grempire-icon.png", "Fsp": 30}, "Gremtoxy": {"Moves": {"Level": {"10": ["Belch", "Crunch", "Foul Play", "Sludge Wave"], "14": ["Acid Armor", "Agility", "Cross Poison", "Embargo"], "18": ["Gunk Shot", "Nasty Plot", "Punishment", "Venom Drench", "Baneful Bunker"]}, "Starting Moves": ["Acid", "Bite", "Double Team", "Hone Claws", "Night Slash", "Pursuit", "Poison Sting", "Feint Attack"], "TM": [1, 6, 9, 10, 12, 16, 17, 18, 20, 21, 28, 30, 32, 33, 34, 42, 45, 46, 65, 66, 84, 90, 95, 97, 99, 100]}, "index": 1007, "Abilities": ["Prankster", "Merciless"], "Type": ["Dark", "Poison"], "SR": 8.0, "AC": 15, "Hit Dice": 10, "HP": 45, "WSp": 30, "attributes": {"STR": 14, "DEX": 17, "CON": 16, "INT": 10, "WIS": 14, "CHA": 14}, "MIN LVL FD": 5, "Skill": ["Deception"], "Res": ["Dark", "Ghost", "Grass", "Poison", "Psychic"], "Vul": ["Ground"], "saving_throws": ["DEX", "WIS"], "Hidden Ability": "Adaptability", "sprite": "Gremtoxy-sprite.png", "icon": "Gremtoxy-icon.png", "Imm": ["Psychic"]}, "Gremachnid": {"Moves": {"Level": {"10": ["Bug Bite", "Crunch", "Foul Play", "Quiver Dance"], "14": ["Agility", "Embargo", "Signal Beam", "Spider Web"], "18": ["Nasty Plot", "Punishment", "Sticky Web", "Struggle Bug"]}, "Starting Moves": ["Bite", "Double Team", "Feint Attack", "Fury Cutter", "Hone Claws", "Lunge", "Night Slash", "Pursuit"], "TM": [6, 10, 12, 17, 18, 26, 28, 29, 30, 32, 36, 41, 42, 46, 65, 66, 73, 75, 81, 83, 84, 87, 89, 90, 92, 95, 97, 100]}, "index": 1008, "Abilities": ["Prankster", "Compound Eyes"], "Type": ["Dark", "Bug"], "SR": 8.0, "AC": 15, "Hit Dice": 10, "HP": 50, "WSp": 35, "attributes": {"STR": 12, "DEX": 18, "CON": 14, "INT": 10, "WIS": 14, "CHA": 14}, "MIN LVL FD": 5, "Skill": ["Acrobatics"], "Res": ["Dark", "Ghost", "Grass", "Ground", "Psychic"], "Vul": ["Bug", "Fairy", "Fire", "Flying", "Rock"], "saving_throws": ["DEX", "WIS"], "Hidden Ability": "Adaptability", "sprite": "Gremachnid-sprite.png", "icon": "Gremachnid-icon.png", "Senses": ["Darkvision 30ft."], "Imm": ["Psychic"]}, "Mogwar": {"Moves": {"Level": {"10": ["Detect", "Brick Break", "Hammer Arm", "Body Slam"], "14": ["Counter", "Thrash", "Chip Away", "Crush Grip"], "18": ["Close Combat", "Focus Punch", "Retaliate", "Endeavor"]}, "Starting Moves": ["Bulk Up", "Foresight", "Focus Energy", "Pound", "Rock Throw", "Low Kick", "Leer", "Tackle"], "TM": [1, 6, 8, 10, 11, 17, 20, 23, 24, 26, 27, 31, 32, 39, 44, 45, 47, 48, 49, 52, 54, 59, 67, 68, 77, 90, 96, 100]}, "index": 1009, "Abilities": ["Inner Focus", "Cute Charm"], "Type": ["Normal", "Fighting"], "SR": 8.0, "AC": 16, "Hit Dice": 10, "HP": 60, "WSp": 30, "attributes": {"STR": 17, "DEX": 15, "CON": 16, "INT": 6, "WIS": 12, "CHA": 12}, "MIN LVL FD": 1, "Skill": ["Athletics"], "Res": ["Bug", "Dark", "Ghost", "Rock"], "Vul": ["Fairy", "Fighting", "Flying", "Psychic"], "saving_throws": ["STR", "CON"], "Hidden Ability": "Adaptability", "sprite": "Mogwar-sprite.PNG", "icon": "Mogwar-icon.png", "Imm": ["Ghost"]}, "Unova Mogwee": {"Moves": {"Level": {"2": ["Baby-Doll Eyes", "Reversal"], "6": ["Counter", "Foresight"], "10": ["Detect", "Flail"], "14": ["Brick Break", "Bulk Up"], "18": ["Focus Punch", "Sky Uppercut", "Thrash"]}, "Starting Moves": ["Defense Curl", "Tackle", "Leer", "Low Kick"], "TM": [1, 6, 8, 10, 11, 17, 20, 23, 27, 31, 44, 45, 47, 48, 49, 52, 59, 68, 90, 100]}, "index": 1001, "Abilities": ["Cute Charm", "Run Away"], "Type": ["Normal", "Fighting"], "SR": 0.5, "AC": 0, "Hit Dice": 6, "HP": 0, "WSp": 30, "attributes": {"STR": 14, "DEX": 11, "CON": 13, "INT": 6, "WIS": 10, "CHA": 10}, "MIN LVL FD": 1, "Skill": ["Athletics"], "Res": ["Bug", "Dark", "Ghost", "Rock"], "Vul": ["Fairy", "Fighting", "Flying", "Psychic"], "saving_throws": ["STR", "CON"], "Hidden Ability": "Adaptability", "Imm": ["Ghost"], "sprite": "Mogwee (Region Variant)-sprite.png", "icon": "Mogwee (Region Variant)-icon.png"}}, "evolve.json": {"Mogwee": {"current_stage": 1, "total_stages": 2, "into": ["Gremlectric", "Gremayhem", "Gremleaf", "Gremtoxy", "Gremachnid", "Gremental", "Grempire"], "level": 8, "points": 16}, "Gremayhem": {"current_stage": 2, "total_stages": 2}, "Gremlectric": {"current_stage": 2, "total_stages": 2}, "Gremental": {"current_stage": 2, "total_stages": 2}, "Gremleaf": {"current_stage": 2, "total_stages": 2}, "Grempire": {"current_stage": 2, "total_stages": 2}, "Gremtoxy": {"current_stage": 2, "total_stages": 2}, "Gremachnid": {"current_stage": 2, "total_stages": 2}, "Mogwar": {"current_stage": 2, "total_stages": 2}, "Unova Mogwee": {"current_stage": 1, "total_stages": 2, "into": ["Mogwar"], "level": 8, "points": 16}}, "pokedex_extra.json": {"0": {"flavor": "", "height": 1, "weight": 1, "genus": "Pokémon"}, "1001": {"flavor": "", "height": 1.0, "weight": 4.0, "genus": "Pokémon"}, "1002": {"flavor": "", "height": 3.0, "weight": 10.0, "genus": "Pokémon"}, "1003": {"flavor": "", "height": 3.0, "weight": 9.0, "genus": "Pokémon"}, "1004": {"flavor": "", "height": 3.0, "weight": 12.0, "genus": "Pokémon"}, "1005": {"flavor": "", "height": 3.0, "weight": 10.0, "genus": "Pokémon"}, "1006": {"flavor": "", "height": 3.0, "weight": 9.0, "genus": "Pokémon"}, "1007": {"flavor": "", "height": 3.0, "weight": 8.0, "genus": "Pokémon"}, "1008": {"flavor": "", "height": 3.0, "weight": 12.0, "genus": "Pokémon"}, "1009": {"flavor": "", "height": 1, "weight": 1, "genus": "Pokémon"}}, "moves.json": {"Throat Chop": {"Type": "Dark", "Move Power": ["STR", "DEX"], "Move Time": "Instantaneous", "PP": 10, "Duration": "Instantaneous", "Range": "Melee", "Description": "You focus in on an attack at the target’s throat.\nMake a melee attack, dealing 2d6 + MOVE dark damage on a hit. On hit, the target is unable to activate sound based attacks for its next 1d4 turns.", "Damage": {"1": {"amount": 2, "dice_max": "6", "move": 2}, "5": {"amount": "2", "dice_max": "8", "move": 2}, "10": {"amount": "4", "move": 2, "dice_max": "6"}, "17": {"amount": "6", "dice_max": "6"}}}, "Trop Kick": {"Type": "Grass", "Move Power": ["STR", "DEX"], "Move Time": "Instantaneous", "PP": 10, "Duration": "Instantaneous", "Range": "Melee", "Description": "You attempt to land an intense kick of tropical\norigins on the target. Make a melee attack, dealing 1d12 + MOVE grass damage on a hit. On a natural role of 16 or more, the target adds -1 to any attack it makes for the remainder of combat. This modifier can be stacked up to a maximum of -3.\n\nHigher Levels: The damage dice roll for this move changes to 2d8 at level 5, 2d12 at level 10, and 6d6 at level 17.", "Damage": {"1": {"move": 2, "amount": "1", "dice_max": "12"}, "5": {"move": 2, "amount": "2", "dice_max": "8"}, "10": {"move": 2, "amount": "2", "dice_max": "12"}, "17": {"amount": "6", "dice_max": "6", "move": 2}}}, "Baneful Bunker": {"Type": "Poison", "Move Power": [], "Move Time": "Instantaneous", "PP": 3, "Duration": "Instantaneous", "Range": "Self", "Description": "You sense incoming danger and are able to\nquickly create a barrier to avoid it. When targeted by an attack, you may automatically avoid taking damage on the first instance of this reaction. If Baneful Bunker was successful in avoiding a melee attack, the attacker becomes poisoned. On future instances of this move in the same combat, you must roll higher than a 15 on a d20 roll for the reaction to be successful.", "Damage": {"1": {"move": false}, "5": {"move": 0}, "10": {"move": 0}, "17": {"move": 0}}}, "Lunge": {"Type": "Bug", "Move Power": ["DEX"], "Move Time": "Instantaneous", "PP": 10, "Duration": "Instantaneous", "Range": "15ft", "Description": "You make a lunge at the target, attacking with\nfull force. Make a melee attack, doing 2d6 + MOVE bug damage on a hit. If the natural attack roll is 15 or more, the target has disadvantage on its next attack.\n\nHigher Levels: The damage dice roll for this move changes to 2d8 at level 5, 4d6 at level 10, and 6d6 at level 17.", "Damage": {"1": {"move": true, "amount": "2", "dice_max": "6"}, "5": {"amount": "2", "dice_max": "8", "move": 2}, "10": {"amount": "4", "dice_max": "6", "move": 2}, "17": {"amount": "6", "dice_max": "6", "move": 2}}}}, "abilities.json": {"Merciless": {"Description": "When this Pokémon makes a successful attack roll against a Poisoned Pokémon, treat that attack as a critical hit."}}, "items.json": {}, "gender.json": {}}